{
  "ok": true,
  "mean_ms": 0.46013749341169996,
  "std_ms": 0.0005992980302326982,
  "launch_update_applied": true
}